assembly_assembly_graph_f1,assembly_assembly_graph_precision,assembly_assembly_graph_recall,assembly_gt_edge_count,assembly_gt_link_count,assembly_matched_edges,assembly_matched_parts,assembly_part_f1,assembly_part_precision,assembly_part_recall,assembly_pred_edge_count,assembly_pred_link_count,case_id,condition,error,failure_patterns,geometry_chamfer,geometry_hausdorff_max,geometry_hd95,geometry_note,geometry_per_link_count,geometry_sample_count_per_robot,geometry_voxel_iou,geometry_voxel_pitch_normalized,kinematic_axis_error_degrees_mean,kinematic_axis_error_degrees_median,kinematic_joint_origin_error_normalized_mean,kinematic_joint_origin_error_normalized_median,kinematic_joint_type_accuracy,kinematic_matched_joints,motion_end_effector_gt_link,motion_end_effector_rotation_error_degrees_median,motion_end_effector_translation_error_normalized_median,motion_link_rotation_error_degrees_mean,motion_link_rotation_error_degrees_median,motion_link_translation_error_normalized_mean,motion_link_translation_error_normalized_median,motion_mapped_links,status,total_tokens
0.3636363636363636,1.0,0.2222222222222222,9,10,2,3,0.4615384615384615,1.0,0.3,2,3,dev_arm-0573e1e127,I_image_baseline,,missing_parts;poor_curved_geometry;poor_geometry;wrong_joint_origin;wrong_joint_type;wrong_motion;wrong_topology,0.002188422132513994,0.14610379027919246,0.10533110879362988,hd95 is robust Hausdorff; hausdorff_max is also reported,3,3000,0.37777777777777777,0.05,0.0,0.0,0.20811506597922003,0.20811506597922003,0.2222222222222222,2,link_2,89.95437383553924,0.49229577963929233,44.99772438660441,30.931813805365238,0.2841571784062923,0.2841571784062922,3,SUCCESS,11594
0.6,0.6,0.6,5,6,3,5,0.8333333333333334,0.8333333333333334,0.8333333333333334,5,6,dev_arm-10f5f05385,I_image_baseline,,poor_curved_geometry;poor_geometry;wrong_joint_axis;wrong_joint_origin;wrong_joint_type;wrong_motion;wrong_topology,0.004731029265751017,0.3273481818029866,0.17013289698166562,hd95 is robust Hausdorff; hausdorff_max is also reported,5,3000,0.327710843373494,0.05,90.0,90.0,0.26653528795834597,0.3036776822653664,0.4,3,END-EFFECTOR,155.35992841464375,0.3953126135508551,81.31903481029629,95.22570876611609,0.2335962201884554,0.18971766522527006,5,SUCCESS,9741
0.14285714285714288,0.25,0.1,10,11,1,4,0.5000000000000001,0.8,0.36363636363636365,4,5,dev_arm-21b8992ec4,I_image_baseline,,missing_parts;poor_curved_geometry;poor_geometry;wrong_joint_axis;wrong_joint_origin;wrong_joint_type;wrong_motion;wrong_topology,0.007173243773364684,0.24621526978100983,0.184306867718332,hd95 is robust Hausdorff; hausdorff_max is also reported,4,3000,0.2727272727272727,0.05,90.0,90.0,0.11357395035921312,0.11357395035921312,0.1,1,arm_3_link,123.96654406627962,0.5965893826657634,65.33650835223075,44.48009043156891,0.24034340605812124,0.13737488465191,4,SUCCESS,8358
0.6666666666666666,1.0,0.5,6,7,3,4,0.7272727272727273,1.0,0.5714285714285714,3,4,dev_arm-42e898b1a2,I_image_baseline,,missing_parts;poor_curved_geometry;poor_geometry;wrong_joint_origin;wrong_joint_type;wrong_motion;wrong_topology,0.004340062743343881,0.3320620335481019,0.15283045466582457,hd95 is robust Hausdorff; hausdorff_max is also reported,4,3000,0.5168067226890757,0.05,0.0,0.0,0.115575987251705,0.1186011845419369,0.5,3,meca_axis_3_link,22.499766135889868,0.16285434852852512,11.799305007431007,10.000105126328743,0.12233019385575081,0.16285434852852512,4,SUCCESS,3050
0.5454545454545454,1.0,0.375,16,17,6,7,0.5833333333333334,1.0,0.4117647058823529,6,7,dev_arm-43fa322555,I_image_baseline,,missing_parts;poor_curved_geometry;wrong_joint_axis;wrong_joint_origin;wrong_joint_type;wrong_motion;wrong_topology,0.0006628783112633494,0.09956075931812877,0.05839698949166336,hd95 is robust Hausdorff; hausdorff_max is also reported,7,3000,0.5763358778625954,0.05,45.0,45.0,0.1912962802581251,0.16628177251048046,0.375,6,fr3_link6,132.48670261076273,0.5387416290607095,87.59270921322748,81.23532139006196,0.27493831017170695,0.1848394250002462,7,SUCCESS,14432
0.08695652173913045,0.3333333333333333,0.05,20,21,1,4,0.32,1.0,0.19047619047619047,3,4,dev_arm-551a9c392e,I_image_baseline,,missing_parts;poor_curved_geometry;poor_geometry;wrong_joint_axis;wrong_joint_origin;wrong_joint_type;wrong_motion;wrong_topology,0.007956803967391821,0.2875629798846632,0.18254069599037023,hd95 is robust Hausdorff; hausdorff_max is also reported,4,3000,0.139186295503212,0.05,90.0,90.0,0.16436816793022635,0.16436816793022635,0.05,1,head,153.70635964747441,0.5991793817263794,62.432396515821765,54.54838630014025,0.20594745134508458,0.14565297786708037,4,SUCCESS,4707
0.4615384615384615,0.6,0.375,8,9,3,5,0.6666666666666667,0.8333333333333334,0.5555555555555556,5,6,dev_arm-d55f01b988,I_image_baseline,,missing_parts;poor_curved_geometry;poor_geometry;wrong_joint_axis;wrong_joint_origin;wrong_joint_type;wrong_motion;wrong_topology,0.007645084987043888,0.27687136009602203,0.1717053105132624,hd95 is robust Hausdorff; hausdorff_max is also reported,5,3000,0.2392638036809816,0.05,60.0,90.0,0.23797581178507476,0.19874960971290326,0.375,3,link5,52.48891934933506,0.45973686467845837,48.0899813254934,38.226114893863596,0.29189163739731205,0.3393853346883164,5,SUCCESS,3360
0.0,0.0,0.0,9,10,0,1,0.18181818181818182,1.0,0.1,0,1,dev_arm-0573e1e127,M_monolithic_mesh,,missing_parts;poor_curved_geometry;poor_geometry;wrong_joint_axis;wrong_joint_origin;wrong_joint_type;wrong_motion;wrong_topology,0.00452655753399557,0.1482896610583257,0.10982882101335044,hd95 is robust Hausdorff; hausdorff_max is also reported,1,3000,0.3642052565707134,0.05,,,,,0.0,0,base_link,0.0,0.0,,,,,1,SUCCESS,13082
0.0,0.0,0.0,5,6,0,1,0.2857142857142857,1.0,0.16666666666666666,0,1,dev_arm-10f5f05385,M_monolithic_mesh,,missing_parts;poor_curved_geometry;poor_geometry;wrong_joint_axis;wrong_joint_origin;wrong_joint_type;wrong_topology,0.026789890199743017,0.3621195000899943,0.27414951252383196,hd95 is robust Hausdorff; hausdorff_max is also reported,1,3000,0.12779097387173396,0.05,,,,,0.0,0,base_link,0.0,0.0,0.0,,0.0,,1,SUCCESS,19346
0.0,0.0,0.0,10,11,0,1,0.16666666666666669,1.0,0.09090909090909091,0,1,dev_arm-21b8992ec4,M_monolithic_mesh,,missing_parts;poor_curved_geometry;poor_geometry;wrong_joint_axis;wrong_joint_origin;wrong_joint_type;wrong_topology,0.038860407675883446,0.41304587008553584,0.3158864870436292,hd95 is robust Hausdorff; hausdorff_max is also reported,1,3000,0.07252440725244072,0.05,,,,,0.0,0,arm_podest_link,0.0,0.022714790071842624,0.0,,0.022714790071842624,,1,SUCCESS,12079
0.0,0.0,0.0,6,7,0,1,0.25,1.0,0.14285714285714285,0,1,dev_arm-42e898b1a2,M_monolithic_mesh,,missing_parts;poor_curved_geometry;poor_geometry;wrong_joint_axis;wrong_joint_origin;wrong_joint_type;wrong_motion;wrong_topology,0.024342556765584538,0.3344261041170608,0.253158010395207,hd95 is robust Hausdorff; hausdorff_max is also reported,1,3000,0.1320582877959927,0.05,,,,,0.0,0,meca_base_link,0.0,0.0,,,,,1,SUCCESS,14473
,,,,,,,,,,,,dev_arm-43fa322555,M_monolithic_mesh,BlueprintError: invalid unique link/joint cardinality,invalid_cad,,,,,,,,,,,,,,,,,,,,,,,FAILURE,12085
0.0,0.0,0.0,20,21,0,1,0.0909090909090909,1.0,0.047619047619047616,0,1,dev_arm-551a9c392e,M_monolithic_mesh,,missing_parts;poor_curved_geometry;poor_geometry;wrong_joint_axis;wrong_joint_origin;wrong_joint_type;wrong_topology,0.02247631145167178,0.32732262005338275,0.24816530053447775,hd95 is robust Hausdorff; hausdorff_max is also reported,1,3000,0.13156649313771887,0.05,,,,,0.0,0,right_arm_base_link,0.0,0.0,0.0,,0.0,,1,SUCCESS,12985
,,,,,,,,,,,,dev_arm-d55f01b988,M_monolithic_mesh,APITimeoutError: Request timed out.,invalid_cad,,,,,,,,,,,,,,,,,,,,,,,FAILURE,0
,,,,,,,,,,,,dev_arm-0573e1e127,L_per_link_mesh_oracle,APITimeoutError: Request timed out.,invalid_cad,,,,,,,,,,,,,,,,,,,,,,,FAILURE,0
0.8000000000000002,0.8,0.8,5,6,4,5,0.8333333333333334,0.8333333333333334,0.8333333333333334,5,6,dev_arm-10f5f05385,L_per_link_mesh_oracle,,poor_curved_geometry;poor_geometry;wrong_joint_axis;wrong_joint_origin;wrong_joint_type;wrong_motion;wrong_topology,0.0048343934812523255,0.2397845133963957,0.13849280881683346,hd95 is robust Hausdorff; hausdorff_max is also reported,5,3000,0.2787193973634652,0.05,45.0,45.0,0.2603354678086015,0.25096937257054097,0.8,4,END-EFFECTOR,135.89143715119332,0.6101131047664401,73.16366426148754,92.66472678426761,0.2867332739046341,0.19795013112951546,5,SUCCESS,18565
0.6,0.6,0.6,10,11,6,8,0.7272727272727273,0.7272727272727273,0.7272727272727273,10,11,dev_arm-21b8992ec4,L_per_link_mesh_oracle,,poor_curved_geometry;wrong_joint_axis;wrong_joint_origin;wrong_joint_type;wrong_motion;wrong_topology,0.0003345577413891125,0.07085303629941155,0.036205922721831416,hd95 is robust Hausdorff; hausdorff_max is also reported,8,3000,0.7104247104247104,0.05,45.0,45.0,0.12099993942116166,0.10483749263927364,0.6,6,arm_7_link,3.9404853515051204,0.14771299836693494,45.85610451452952,1.7905505852836514,0.0948905354089997,0.10381719697061545,8,SUCCESS,25983
,,,,,,,,,,,,dev_arm-42e898b1a2,L_per_link_mesh_oracle,APITimeoutError: Request timed out.,invalid_cad,,,,,,,,,,,,,,,,,,,,,,,FAILURE,0
0.375,0.375,0.375,16,17,6,8,0.47058823529411764,0.47058823529411764,0.47058823529411764,16,17,dev_arm-43fa322555,L_per_link_mesh_oracle,,poor_curved_geometry;wrong_joint_origin;wrong_joint_type;wrong_motion;wrong_topology,0.0010093041260866458,0.1116517773636099,0.06860431857145882,hd95 is robust Hausdorff; hausdorff_max is also reported,8,3000,0.5793103448275863,0.05,30.0,0.0,0.21994052731624017,0.24385190406088159,0.1875,6,fr3_link7,176.4271376486562,0.4582936705978022,101.87992398625401,93.65868825638185,0.31902170512854483,0.31267463956352926,8,SUCCESS,27279
0.20000000000000004,0.2,0.2,20,21,4,8,0.38095238095238093,0.38095238095238093,0.38095238095238093,20,21,dev_arm-551a9c392e,L_per_link_mesh_oracle,,poor_curved_geometry;poor_geometry;wrong_joint_axis;wrong_joint_origin;wrong_joint_type;wrong_motion;wrong_topology,0.0026412718924249106,0.18616958704320333,0.10794386426157884,hd95 is robust Hausdorff; hausdorff_max is also reported,8,3000,0.3694581280788177,0.05,,,0.08777123021687552,0.08356211917966569,0.0,4,right_l6,140.0307954112446,0.36481424374898397,93.44452660695586,112.5271013642404,0.1976494703975801,0.1936854244898613,8,SUCCESS,32279
0.625,0.625,0.625,8,9,5,7,0.7777777777777778,0.7777777777777778,0.7777777777777778,8,9,dev_arm-d55f01b988,L_per_link_mesh_oracle,,poor_curved_geometry;poor_geometry;wrong_joint_origin;wrong_joint_type;wrong_motion;wrong_topology,0.012691864367320827,0.2749589154103846,0.20047703459627253,hd95 is robust Hausdorff; hausdorff_max is also reported,7,3000,0.10499139414802065,0.05,18.0,0.0,0.1947490249164109,0.19608970030442327,0.5,5,gripper_link,130.12205382388902,0.6624656645041687,64.08668678842315,57.93657660237975,0.32023313126791353,0.1834008095292574,7,SUCCESS,22214
