entity_id,manufacturer,name,v3_split,face_budget,approximation_ok,original_faces,target_faces,achieved_faces,mesh_count,failure_count,failures,normalized_chamfer,normalized_hausdorff,normal_error
arm-fdadfa8bdd,ABB,CRB 15000,validation,1000,True,52539,1000,2794,7,0,[],0.02919155606885448,0.11063675594894687,0.14633667994441488
arm-fdadfa8bdd,ABB,CRB 15000,validation,5000,True,52539,5000,4991,7,0,[],0.022203404246599886,0.07053551475363806,0.09382434768918602
arm-fdadfa8bdd,ABB,CRB 15000,validation,10000,True,52539,10000,9996,7,0,[],0.022396704980037863,0.07256093483699844,0.09386064440463752
arm-f7b0b901d3,ABB,IRB 120,development,1000,True,39982,1000,1172,7,0,[],0.042055768157604784,0.1531940313990631,0.18724772148914287
arm-f7b0b901d3,ABB,IRB 120,development,5000,True,39982,5000,4993,7,0,[],0.02525142403684443,0.08636453078751573,0.14646764690294756
arm-f7b0b901d3,ABB,IRB 120,development,10000,True,39982,10000,9993,7,0,[],0.02543170548346143,0.08309382833300946,0.1623900706174502
arm-7d8304122a,ABB,IRB 120-3/0.6,development,1000,True,39982,1000,1172,7,0,[],0.04026814131944201,0.1535427918856089,0.17509635208951113
arm-7d8304122a,ABB,IRB 120-3/0.6,development,5000,True,39982,5000,4993,7,0,[],0.025600911272358553,0.08244333176442682,0.149336683365287
arm-7d8304122a,ABB,IRB 120-3/0.6,development,10000,True,39982,10000,9993,7,0,[],0.02554936544772855,0.08041801049986595,0.15426876353789556
arm-d23914e41d,ABB,IRB 1200-5/0.9,development,1000,True,92843,1000,8802,7,0,[],0.03081570979291092,0.11857886959332002,0.17847124836847283
arm-d23914e41d,ABB,IRB 1200-5/0.9,development,5000,True,92843,5000,8924,7,0,[],0.028609447368523687,0.1022444201143042,0.17617482954588112
arm-d23914e41d,ABB,IRB 1200-5/0.9,development,10000,True,92843,10000,10780,7,0,[],0.025184106959066723,0.08598838323812354,0.15185143174060514
arm-402d7168a6,ABB,IRB 1200-7/0.7,development,1000,True,78918,1000,5145,7,0,[],0.03339406558723218,0.11678180520951266,0.20610035308600938
arm-402d7168a6,ABB,IRB 1200-7/0.7,development,5000,True,78918,5000,6287,7,0,[],0.026803465562789654,0.09001539112367804,0.1596019746273509
arm-402d7168a6,ABB,IRB 1200-7/0.7,development,10000,True,78918,10000,9992,7,0,[],0.02497486835336906,0.08616528792553245,0.15405151211243245
arm-936a2bbc83,ABB,IRB 120T,development,1000,True,39982,1000,1172,7,0,[],0.041324449208927784,0.1615107334090394,0.17211614021027583
arm-936a2bbc83,ABB,IRB 120T,development,5000,True,39982,5000,4993,7,0,[],0.02545587737433782,0.08526186710971412,0.14968355837253305
arm-936a2bbc83,ABB,IRB 120T,development,10000,True,39982,10000,9993,7,0,[],0.025407878983276067,0.07929372028279702,0.16265229418245294
arm-30008f0a9e,ABB,IRB 120T-3/0.6,development,1000,True,39982,1000,1172,7,0,[],0.041752030398993174,0.15508636334138678,0.1652306550701026
arm-30008f0a9e,ABB,IRB 120T-3/0.6,development,5000,True,39982,5000,4993,7,0,[],0.025684346841314064,0.08663251777265328,0.1581457559090515
arm-30008f0a9e,ABB,IRB 120T-3/0.6,development,10000,True,39982,10000,9993,7,0,[],0.02528387590314875,0.07811660672093339,0.1573575990958656
arm-d8cf128269,ABB,IRB 140,development,1000,True,19652,1000,1142,7,0,[],0.0339821037602784,0.12104171119039074,0.257476573449322
arm-d8cf128269,ABB,IRB 140,development,5000,True,19652,5000,4993,7,0,[],0.024136398237593025,0.07228649020968508,0.18596413776933104
arm-d8cf128269,ABB,IRB 140,development,10000,True,19652,10000,9992,7,0,[],0.02368092467299415,0.0715760167650547,0.20152252256886805
arm-f86e598566,ABB,IRB 140T,development,1000,True,19652,1000,1142,7,0,[],0.033600437895208016,0.11679254908597851,0.2698521338167034
arm-f86e598566,ABB,IRB 140T,development,5000,True,19652,5000,4993,7,0,[],0.02403079316447643,0.06771683573808426,0.17366059701748096
arm-f86e598566,ABB,IRB 140T,development,10000,True,19652,10000,9992,7,0,[],0.023350079286805794,0.0693595123942169,0.19309903972980905
arm-4e79777e86,ABB,IRB 1600,development,1000,True,19219,1000,3463,7,0,[],0.026481316296844273,0.10245640069743034,0.2377813772841676
arm-4e79777e86,ABB,IRB 1600,development,5000,True,19219,5000,5368,7,0,[],0.023129506384667705,0.07350833276967088,0.20261927685908201
arm-4e79777e86,ABB,IRB 1600,development,10000,True,19219,10000,9993,7,0,[],0.023022099641339652,0.07012969560838316,0.2207039524189522
arm-c92ba5c644,ABB,IRB 1600-6/1.2,development,1000,True,19219,1000,3463,7,0,[],0.02693452874217221,0.08194865988517074,0.2277377527196816
arm-c92ba5c644,ABB,IRB 1600-6/1.2,development,5000,True,19219,5000,5368,7,0,[],0.02306786389824641,0.06600292064514107,0.20100633339941287
arm-c92ba5c644,ABB,IRB 1600-6/1.2,development,10000,True,19219,10000,9993,7,0,[],0.023249834777115154,0.068497118665779,0.18828220397575973
arm-674fb8e440,ABB,IRB 1600-8/1.45,development,1000,True,23498,1000,4335,7,0,[],0.027898759065037325,0.10261811478356025,0.23861832713092487
arm-674fb8e440,ABB,IRB 1600-8/1.45,development,5000,True,23498,5000,5478,7,0,[],0.022729465344743415,0.06660157392145692,0.19087448019159461
arm-674fb8e440,ABB,IRB 1600-8/1.45,development,10000,True,23498,10000,9994,7,0,[],0.02280529262661098,0.0754054377751518,0.21707351484267856
arm-081210e630,ABB,IRB 2400,validation,1000,True,88185,1000,26995,7,0,[],0.023940020167758473,0.07549910933555164,0.22625147852005373
arm-081210e630,ABB,IRB 2400,validation,5000,True,88185,5000,26995,7,0,[],0.024000484572627066,0.08483637733714379,0.21928403808580862
arm-081210e630,ABB,IRB 2400,validation,10000,True,88185,10000,26995,7,0,[],0.02392753209464234,0.07556775314437772,0.2413087061012224
arm-f3a89fcc9e,ABB,IRB 2600,validation,1000,True,272043,1000,27170,7,0,[],0.027985642229584436,0.0933859374363001,0.3035340690604611
arm-f3a89fcc9e,ABB,IRB 2600,validation,5000,True,272043,5000,27170,7,0,[],0.02776168694737664,0.08638079690251048,0.2989398915229166
arm-f3a89fcc9e,ABB,IRB 2600,validation,10000,True,272043,10000,27170,7,0,[],0.028110730137571528,0.09035725908534986,0.29003653771734733
arm-f817901d6a,ABB,IRB 4400L/30,validation,1000,True,11696,1000,1636,7,0,[],0.03539652310205064,0.1570670318706935,0.2831631035710131
arm-f817901d6a,ABB,IRB 4400L/30,validation,5000,True,11696,5000,4994,7,0,[],0.022535593265775318,0.06167728943689299,0.22583414910753571
arm-f817901d6a,ABB,IRB 4400L/30,validation,10000,True,11696,10000,9994,7,0,[],0.02252338282238695,0.06346196245213306,0.23088594961262482
arm-8fcf241b6f,ABB,IRB 52-7/1.2,development,1000,True,26059,1000,2504,7,0,[],0.029268417813220392,0.11102418166275953,0.2279393160883477
arm-8fcf241b6f,ABB,IRB 52-7/1.2,development,5000,True,26059,5000,5600,7,0,[],0.026202126680295715,0.10218423894025563,0.22038477375750803
arm-8fcf241b6f,ABB,IRB 52-7/1.2,development,10000,True,26059,10000,10124,7,0,[],0.02424088671096497,0.07115709997135541,0.2002001907063382
arm-91f018718c,ABB,IRB 52-7/1.45,development,1000,True,26848,1000,2678,7,0,[],0.0328833294286137,0.1146182678239432,0.26206164297700013
arm-91f018718c,ABB,IRB 52-7/1.45,development,5000,True,26848,5000,5624,7,0,[],0.025076423820523414,0.09348848318284844,0.22488225178670168
arm-91f018718c,ABB,IRB 52-7/1.45,development,10000,True,26848,10000,10128,7,0,[],0.02438608755796166,0.0739134707729492,0.20035635545509536
arm-065970a45f,ABB,IRB 5400,development,1000,True,89613,1000,27015,8,0,[],0.02369468619271554,0.08019848195088544,0.22020294691735665
arm-065970a45f,ABB,IRB 5400,development,5000,True,89613,5000,27073,8,0,[],0.0241357252127339,0.07966977375142155,0.21943923078123725
arm-065970a45f,ABB,IRB 5400,development,10000,True,89613,10000,27153,8,0,[],0.023909984900102654,0.07837504997909217,0.22850058482445298
arm-6af92e32a6,ABB,IRB 6600-255/2.55,development,1000,True,22783,1000,1042,9,0,[],0.0337203620096236,0.13318221590235577,0.26672624373686254
arm-6af92e32a6,ABB,IRB 6600-255/2.55,development,5000,True,22783,5000,4994,9,0,[],0.02457206376106708,0.08432805395448154,0.23240104784369264
arm-6af92e32a6,ABB,IRB 6600-255/2.55,development,10000,True,22783,10000,9992,9,0,[],0.02331831671846148,0.07183567811114565,0.22575435051176143
arm-022ef09303,ABB,IRB 7600-150/3.50,validation,1000,True,29816,1000,1134,9,0,[],0.03176087635543657,0.11425221977917337,0.26276184349429554
arm-022ef09303,ABB,IRB 7600-150/3.50,validation,5000,True,29816,5000,4988,9,0,[],0.021391983643036138,0.058693981958999226,0.20408155036695375
arm-022ef09303,ABB,IRB 7600-150/3.50,validation,10000,True,29816,10000,9990,9,0,[],0.021251481079010988,0.06158937170165576,0.19987416542413128
arm-19acb3833f,Fanuc,CR-35iA,development,1000,True,54884,1000,5978,7,0,[],0.024268208644578244,0.07239119972306386,0.04861289627948059
arm-19acb3833f,Fanuc,CR-35iA,development,5000,True,54884,5000,6690,7,0,[],0.02364971238107743,0.07693518802063692,0.04139340877275192
arm-19acb3833f,Fanuc,CR-35iA,development,10000,True,54884,10000,10730,7,0,[],0.0238393375541081,0.06889392683948913,0.03719837809004673
arm-8802f2b8b4,Fanuc,CR-7iA,development,1000,True,1819,1000,993,7,0,[],0.024603847136340565,0.07555891384114843,0.043995247131498355
arm-8802f2b8b4,Fanuc,CR-7iA,development,5000,True,1819,5000,1819,7,0,[],0.0,0.0,0.0
arm-8802f2b8b4,Fanuc,CR-7iA,development,10000,True,1819,10000,1819,7,0,[],0.0,0.0,0.0
arm-3acdb3f5e2,Fanuc,CR-7iA/L,development,1000,True,1837,1000,995,7,0,[],0.023437736806867032,0.07574732925888229,0.04927252243603808
arm-3acdb3f5e2,Fanuc,CR-7iA/L,development,5000,True,1837,5000,1837,7,0,[],0.0,0.0,0.0
arm-3acdb3f5e2,Fanuc,CR-7iA/L,development,10000,True,1837,10000,1837,7,0,[],0.0,0.0,0.0
arm-98c28568ba,Fanuc,CRX-10iA/L,development,1000,True,24482,1000,1174,7,0,[],0.02753978110436782,0.08298454851940212,0.07614972438564895
arm-98c28568ba,Fanuc,CRX-10iA/L,development,5000,True,24482,5000,4992,7,0,[],0.02132325676253674,0.06581616193556208,0.04307618348000943
arm-98c28568ba,Fanuc,CRX-10iA/L,development,10000,True,24482,10000,9992,7,0,[],0.02100287548427737,0.0638741511395866,0.03986415894792252
arm-cf88bb5d3f,Fanuc,LR Mate 200i,development,1000,True,4277,1000,993,7,0,[],0.027378907213606998,0.08514182113548172,0.047457148174502826
arm-cf88bb5d3f,Fanuc,LR Mate 200i,development,5000,True,4277,5000,4277,7,0,[],0.0,0.0,0.0
arm-cf88bb5d3f,Fanuc,LR Mate 200i,development,10000,True,4277,10000,4277,7,0,[],0.0,0.0,0.0
arm-fa86494fa0,Fanuc,LR Mate 200iB,development,1000,True,25209,1000,12168,7,0,[],0.025234254405880948,0.07329060572559055,0.03890454551325073
arm-fa86494fa0,Fanuc,LR Mate 200iB,development,5000,True,25209,5000,12356,7,0,[],0.02555880192262646,0.07156242462213885,0.040240000635106174
arm-fa86494fa0,Fanuc,LR Mate 200iB,development,10000,True,25209,10000,13130,7,0,[],0.025307282268368193,0.07539535983843296,0.032287851866211
arm-4c7b408826,Fanuc,LR Mate 200iB/3L,development,1000,True,25109,1000,11586,7,0,[],0.025193013208041484,0.07398766654983056,0.041969985019244246
arm-4c7b408826,Fanuc,LR Mate 200iB/3L,development,5000,True,25109,5000,11776,7,0,[],0.024784294543057105,0.0772830959829103,0.042528800761057785
arm-4c7b408826,Fanuc,LR Mate 200iB/3L,development,10000,True,25109,10000,12612,7,0,[],0.024800248883984674,0.07007079003089776,0.04249421312711891
arm-cb42051aad,Fanuc,LR Mate 200iC,development,1000,True,20341,1000,4582,7,0,[],0.02631867187368184,0.07741964416872835,0.05691660729742856
arm-cb42051aad,Fanuc,LR Mate 200iC,development,5000,True,20341,5000,5728,7,0,[],0.025536745312243564,0.07091574566055436,0.045301464421689835
arm-cb42051aad,Fanuc,LR Mate 200iC,development,10000,True,20341,10000,10396,7,0,[],0.025987694981491817,0.07477837283689172,0.039827861902113376
arm-de1be0b74e,Fanuc,LR Mate 200iC/5F,development,1000,True,13046,1000,3046,6,0,[],0.02557723054150824,0.07703375380224557,0.07252838386357521
arm-de1be0b74e,Fanuc,LR Mate 200iC/5F,development,5000,True,13046,5000,5544,6,0,[],0.023856695449046127,0.06808354481645074,0.041848255762864245
arm-de1be0b74e,Fanuc,LR Mate 200iC/5F,development,10000,True,13046,10000,10026,6,0,[],0.024222977413100564,0.07204930583109521,0.04404314826735658
arm-53f9b9bc6b,Fanuc,LR Mate 200iC/5H,development,1000,True,13046,1000,3046,6,0,[],0.025681060093966722,0.07807858048095112,0.07284136574584979
arm-53f9b9bc6b,Fanuc,LR Mate 200iC/5H,development,5000,True,13046,5000,5544,6,0,[],0.02405023026041126,0.0747953993089179,0.046078877118719
arm-53f9b9bc6b,Fanuc,LR Mate 200iC/5H,development,10000,True,13046,10000,10026,6,0,[],0.02403997494931026,0.07095257984897406,0.040263602548161706
arm-63ba00c5ba,Fanuc,LR Mate 200iC/5HS,development,1000,True,13046,1000,3046,6,0,[],0.025713016724254936,0.07902340668755241,0.06794194259337784
arm-63ba00c5ba,Fanuc,LR Mate 200iC/5HS,development,5000,True,13046,5000,5544,6,0,[],0.024722580524377234,0.07555437731050876,0.05164322399734016
arm-63ba00c5ba,Fanuc,LR Mate 200iC/5HS,development,10000,True,13046,10000,10026,6,0,[],0.024083452676684547,0.07093084370431971,0.04212862000161145
arm-697cb5dd8b,Fanuc,LR Mate 200iC/5L,development,1000,True,12600,1000,2909,7,0,[],0.028131275939602813,0.09062590853368875,0.09471045860175338
arm-697cb5dd8b,Fanuc,LR Mate 200iC/5L,development,5000,True,12600,5000,5524,7,0,[],0.0241429837797598,0.0779081619067828,0.04819157095355159
arm-697cb5dd8b,Fanuc,LR Mate 200iC/5L,development,10000,True,12600,10000,9994,7,0,[],0.02414619492230284,0.07194659891766216,0.04529598568231228
arm-b9fde37ad7,Fanuc,M-16iB,development,1000,True,3055,1000,994,7,0,[],0.022441979425278705,0.06369604354493319,0.04081869782350204
arm-b9fde37ad7,Fanuc,M-16iB,development,5000,True,3055,5000,3055,7,0,[],0.0,0.0,0.0
arm-b9fde37ad7,Fanuc,M-16iB,development,10000,True,3055,10000,3055,7,0,[],0.0,0.0,0.0
arm-ca973d7c40,Fanuc,M-20iA,development,1000,True,12035,1000,3927,7,0,[],0.02234947436515403,0.06383850487272578,0.04675268268219919
arm-ca973d7c40,Fanuc,M-20iA,development,5000,True,12035,5000,5129,7,0,[],0.021940310914121935,0.06277498364465706,0.03623495277701484
arm-ca973d7c40,Fanuc,M-20iA,development,10000,True,12035,10000,9989,7,0,[],0.021728236325942334,0.06374659771866571,0.03546021098617802
arm-58bea95949,Fanuc,M-20iA/10L,development,1000,True,3970,1000,1011,7,0,[],0.02107014382460642,0.06391964067848696,0.04260843770788163
arm-58bea95949,Fanuc,M-20iA/10L,development,5000,True,3970,5000,3970,7,0,[],0.0,0.0,0.0
arm-58bea95949,Fanuc,M-20iA/10L,development,10000,True,3970,10000,3970,7,0,[],0.0,0.0,0.0
arm-f39f0bc934,Fanuc,M-20iB/25,development,1000,True,12598,1000,1741,7,0,[],0.024356541983590572,0.0742583102405866,0.056338335203830164
arm-f39f0bc934,Fanuc,M-20iB/25,development,5000,True,12598,5000,4991,7,0,[],0.023877572212279,0.07162034522113955,0.04055778077987332
arm-f39f0bc934,Fanuc,M-20iB/25,development,10000,True,12598,10000,9990,7,0,[],0.023715023629811628,0.07269399772792985,0.04071419923293207
arm-80ddefb001,Fanuc,M-430iA/2F,development,1000,True,6614,1000,992,6,0,[],0.022446573829748646,0.062114483192265056,0.043103957882041834
arm-80ddefb001,Fanuc,M-430iA/2F,development,5000,True,6614,5000,4992,6,0,[],0.022656514507767685,0.06805065178101659,0.03501113832650637
arm-80ddefb001,Fanuc,M-430iA/2F,development,10000,True,6614,10000,6614,6,0,[],0.0,0.0,0.0
arm-de477bc804,Fanuc,M-430iA/2P,development,1000,True,8286,1000,996,7,0,[],0.03405692496886153,0.11212893219826815,0.09707066103395363
arm-de477bc804,Fanuc,M-430iA/2P,development,5000,True,8286,5000,4992,7,0,[],0.023697163666085774,0.067618829089018,0.040079944042449536
arm-de477bc804,Fanuc,M-430iA/2P,development,10000,True,8286,10000,8286,7,0,[],0.0,0.0,0.0
arm-c10bd68349,Fanuc,M-6iB,development,1000,True,1866,1000,994,7,0,[],0.022988816549574295,0.0670873410243416,0.04252545432558537
arm-c10bd68349,Fanuc,M-6iB,development,5000,True,1866,5000,1866,7,0,[],0.0,0.0,0.0
arm-c10bd68349,Fanuc,M-6iB,development,10000,True,1866,10000,1866,7,0,[],0.0,0.0,0.0
arm-b7a6f7cec6,Fanuc,M-6iB/6S,development,1000,True,2188,1000,990,7,0,[],0.02459629394009963,0.07282393084923343,0.041524526712249904
arm-b7a6f7cec6,Fanuc,M-6iB/6S,development,5000,True,2188,5000,2188,7,0,[],0.0,0.0,0.0
arm-b7a6f7cec6,Fanuc,M-6iB/6S,development,10000,True,2188,10000,2188,7,0,[],0.0,0.0,0.0
arm-ac0ed3c3ba,Fanuc,M-710iC/45M,development,1000,True,3164,1000,992,7,0,[],0.02171570563441972,0.0649283214686201,0.04182608801209398
arm-ac0ed3c3ba,Fanuc,M-710iC/45M,development,5000,True,3164,5000,3164,7,0,[],0.0,0.0,0.0
arm-ac0ed3c3ba,Fanuc,M-710iC/45M,development,10000,True,3164,10000,3164,7,0,[],0.0,0.0,0.0
arm-0cf081ce97,Fanuc,M-710iC/50,development,1000,True,1454,1000,994,7,0,[],0.022468830411037095,0.06714256722370815,0.043363317180551975
arm-0cf081ce97,Fanuc,M-710iC/50,development,5000,True,1454,5000,1454,7,0,[],0.0,0.0,0.0
arm-0cf081ce97,Fanuc,M-710iC/50,development,10000,True,1454,10000,1454,7,0,[],0.0,0.0,0.0
arm-ee37d02375,Fanuc,M-900iA/260L,development,1000,True,3479,1000,1070,9,0,[],0.02079754252355352,0.06171483645342821,0.051632907768555586
arm-ee37d02375,Fanuc,M-900iA/260L,development,5000,True,3479,5000,3479,9,0,[],0.0,0.0,0.0
arm-ee37d02375,Fanuc,M-900iA/260L,development,10000,True,3479,10000,3479,9,0,[],0.0,0.0,0.0
arm-ad68760742,Fanuc,M-900iB/700,development,1000,True,3750,1000,992,11,0,[],0.020289723605062843,0.061602698387905885,0.04028483088478795
arm-ad68760742,Fanuc,M-900iB/700,development,5000,True,3750,5000,3750,11,0,[],0.0,0.0,0.0
arm-ad68760742,Fanuc,M-900iB/700,development,10000,True,3750,10000,3750,11,0,[],0.0,0.0,0.0
arm-f999a17088,Fanuc,R-2000iB/210F,development,1000,True,2366,1000,992,7,0,[],0.021884559007570262,0.06325417035479634,0.042311634483223684
arm-f999a17088,Fanuc,R-2000iB/210F,development,5000,True,2366,5000,2366,7,0,[],0.0,0.0,0.0
arm-f999a17088,Fanuc,R-2000iB/210F,development,10000,True,2366,10000,2366,7,0,[],0.0,0.0,0.0
arm-3179bae95f,Fanuc,R-2000iC/125L,validation,1000,True,2788,1000,994,7,0,[],0.020975323944178132,0.06297839097838101,0.03915399633359285
arm-3179bae95f,Fanuc,R-2000iC/125L,validation,5000,True,2788,5000,2788,7,0,[],0.0,0.0,0.0
arm-3179bae95f,Fanuc,R-2000iC/125L,validation,10000,True,2788,10000,2788,7,0,[],0.0,0.0,0.0
arm-41abb9dda3,Fanuc,R-2000iC/165F,validation,1000,True,2834,1000,994,7,0,[],0.021895656831305704,0.06411198702978023,0.041137337496863824
arm-41abb9dda3,Fanuc,R-2000iC/165F,validation,5000,True,2834,5000,2834,7,0,[],0.0,0.0,0.0
arm-41abb9dda3,Fanuc,R-2000iC/165F,validation,10000,True,2834,10000,2834,7,0,[],0.0,0.0,0.0
arm-594e86b100,Fanuc,R-2000iC/210F,validation,1000,True,2834,1000,994,7,0,[],0.02186550741855892,0.06376112844717521,0.042571179669699394
arm-594e86b100,Fanuc,R-2000iC/210F,validation,5000,True,2834,5000,2834,7,0,[],0.0,0.0,0.0
arm-594e86b100,Fanuc,R-2000iC/210F,validation,10000,True,2834,10000,2834,7,0,[],0.0,0.0,0.0
arm-6c6b40b711,Fanuc,R-2000iC/210L,validation,1000,True,4437,1000,996,7,0,[],0.021184821623621033,0.06117046445961016,0.03888053480546242
arm-6c6b40b711,Fanuc,R-2000iC/210L,validation,5000,True,4437,5000,4437,7,0,[],0.0,0.0,0.0
arm-6c6b40b711,Fanuc,R-2000iC/210L,validation,10000,True,4437,10000,4437,7,0,[],0.0,0.0,0.0
arm-42320609fa,Fanuc,R-2000iC/270F,validation,1000,True,1331,1000,1014,7,0,[],0.01691078345063253,0.052173872108519016,0.026714192373359688
arm-42320609fa,Fanuc,R-2000iC/270F,validation,5000,True,1331,5000,1331,7,0,[],0.0,0.0,0.0
arm-42320609fa,Fanuc,R-2000iC/270F,validation,10000,True,1331,10000,1331,7,0,[],0.0,0.0,0.0
arm-43fa322555,Franka Emika,FR3,development,1000,True,126586,1000,1432,8,0,[],0.04280797505703035,0.16681590448694872,0.19245625581910547
arm-43fa322555,Franka Emika,FR3,development,5000,True,126586,5000,4993,8,0,[],0.02921463310857201,0.10878816699490067,0.12524698580392765
arm-43fa322555,Franka Emika,FR3,development,10000,True,126586,10000,9993,8,0,[],0.025001299918439662,0.09316481864812881,0.11135563348381491
arm-07307859e2,Franka Emika,Panda,development,1000,True,134288,1000,1469,10,0,[],0.04458658921738907,0.17858190038602975,0.19942420549660453
arm-07307859e2,Franka Emika,Panda,development,5000,True,134288,5000,4990,10,0,[],0.030461730652476617,0.11264920436325603,0.12683619235315946
arm-07307859e2,Franka Emika,Panda,development,10000,True,134288,10000,9993,10,0,[],0.026278265306145562,0.09539624141055637,0.12682608987769697
arm-dcc2b0ce1e,KUKA,KR 10 R1100 sixx,development,1000,True,59781,1000,4754,7,0,[],0.037025872523546055,0.12838678509146753,0.26213420801670495
arm-dcc2b0ce1e,KUKA,KR 10 R1100 sixx,development,5000,True,59781,5000,5804,7,0,[],0.028172453873651047,0.07988976136326455,0.18273503537564062
arm-dcc2b0ce1e,KUKA,KR 10 R1100 sixx,development,10000,True,59781,10000,10098,7,0,[],0.02412768159242575,0.0688055176124099,0.1756078347095972
arm-a751040684,KUKA,KR 10 R1420,development,1000,True,112863,1000,5567,7,0,[],0.03351522946074134,0.13197184533333478,0.2780483189144879
arm-a751040684,KUKA,KR 10 R1420,development,5000,True,112863,5000,6731,7,0,[],0.027565210893143805,0.103709430747911,0.23018567866824344
arm-a751040684,KUKA,KR 10 R1420,development,10000,True,112863,10000,9991,7,0,[],0.023888305591119624,0.07422377836768951,0.22154410034242603
arm-3ce41d3c31,KUKA,KR 10 R900-2,development,1000,True,20336,1000,992,7,0,[],0.025234752191553574,0.07295577268931706,0.15077201730036488
arm-3ce41d3c31,KUKA,KR 10 R900-2,development,5000,True,20336,5000,4995,7,0,[],0.023187802170268657,0.07519755117443867,0.13720923735910845
arm-3ce41d3c31,KUKA,KR 10 R900-2,development,10000,True,20336,10000,9995,7,0,[],0.023719181181818014,0.07023176841377955,0.15359322009936638
arm-79c861f26a,KUKA,KR 150 R3100-2,validation,1000,True,59707,1000,3449,7,0,[],0.02692794676387827,0.1251614622897564,0.2843977057043855
arm-79c861f26a,KUKA,KR 150 R3100-2,validation,5000,True,59707,5000,5091,7,0,[],0.023389253969075763,0.09998871740404935,0.24576965103912252
arm-79c861f26a,KUKA,KR 150 R3100-2,validation,10000,True,59707,10000,9992,7,0,[],0.02025220761503815,0.06695476847334102,0.2397641253378448
arm-a72160b62d,KUKA,KR 150-2,validation,1000,True,51117,1000,3484,7,0,[],0.04381022524423254,0.18754537170221394,0.2971349160978249
arm-a72160b62d,KUKA,KR 150-2,validation,5000,True,51117,5000,6459,7,0,[],0.03396881169431164,0.15293939387759897,0.2996056147667801
arm-a72160b62d,KUKA,KR 150-2,validation,10000,True,51117,10000,10516,7,0,[],0.02849706142774779,0.11486008016912518,0.28308821145073343
arm-a49344adee,KUKA,KR 16-2,development,1000,True,88185,1000,26995,7,0,[],0.024219157942209076,0.08269445540736478,0.22633261923830075
arm-a49344adee,KUKA,KR 16-2,development,5000,True,88185,5000,26995,7,0,[],0.023487356145507676,0.07889280510175321,0.2342438456459256
arm-a49344adee,KUKA,KR 16-2,development,10000,True,88185,10000,26995,7,0,[],0.024277049460653687,0.08583135566155019,0.2302732506959721
arm-1d928e951e,KUKA,KR 3 R540,validation,1000,True,74572,1000,1247,7,0,[],0.0346450767430278,0.12034120555542817,0.17833286587944908
arm-1d928e951e,KUKA,KR 3 R540,validation,5000,True,74572,5000,4996,7,0,[],0.024124850046815503,0.06932910508256661,0.1350730979718535
arm-1d928e951e,KUKA,KR 3 R540,validation,10000,True,74572,10000,9995,7,0,[],0.024810383303835715,0.08063914744111031,0.1385353850245867
arm-e07d114785,KUKA,KR 6 R700 sixx,development,1000,True,44700,1000,4882,7,0,[],0.02552943199915951,0.07703172217306178,0.16245743504180432
arm-e07d114785,KUKA,KR 6 R700 sixx,development,5000,True,44700,5000,6830,7,0,[],0.02470656866483675,0.06799543478635646,0.16578293160228827
arm-e07d114785,KUKA,KR 6 R700 sixx,development,10000,True,44700,10000,10008,7,0,[],0.025143256984604925,0.07700791191449598,0.1645534743779032
arm-c8e061a405,KUKA,KR 6 R900 sixx,development,1000,True,36758,1000,7462,7,0,[],0.022804190977623907,0.07343543830748088,0.16616624163452348
arm-c8e061a405,KUKA,KR 6 R900 sixx,development,5000,True,36758,5000,7462,7,0,[],0.023231257717354934,0.07145282184011602,0.17639563649949702
arm-c8e061a405,KUKA,KR 6 R900 sixx,development,10000,True,36758,10000,9993,7,0,[],0.02263366052592377,0.07029494755358173,0.1691640224778384
arm-aa1b44f60a,KUKA,KR 6 R900-2,development,1000,True,20336,1000,992,7,0,[],0.024973365737410876,0.07344852568769172,0.1444500949823331
arm-aa1b44f60a,KUKA,KR 6 R900-2,development,5000,True,20336,5000,4995,7,0,[],0.023509784136009723,0.07336514088621769,0.14810199841607014
arm-aa1b44f60a,KUKA,KR 6 R900-2,development,10000,True,20336,10000,9995,7,0,[],0.023275722674950483,0.07041633706644594,0.143916937670043
arm-8feb5af658,Kinova Robotics,Jaco J2N4S300,development,1000,True,73956,1000,1718,9,0,[],0.03412168054802863,0.1268408905227936,0.17620913785348538
arm-8feb5af658,Kinova Robotics,Jaco J2N4S300,development,5000,True,73956,5000,5260,9,0,[],0.020267859357240615,0.060613498610713364,0.09106987448980262
arm-8feb5af658,Kinova Robotics,Jaco J2N4S300,development,10000,True,73956,10000,10128,9,0,[],0.019754360544878103,0.05971784951269285,0.0839729315391416
arm-0d0d196c9d,Kinova Robotics,Jaco J2N6S200,development,1000,True,100186,1000,2068,10,0,[],0.026662773272825374,0.09786325913609248,0.14806066679970264
arm-0d0d196c9d,Kinova Robotics,Jaco J2N6S200,development,5000,True,100186,5000,5278,10,0,[],0.021089252804539868,0.06093975458656417,0.093357923904671
arm-0d0d196c9d,Kinova Robotics,Jaco J2N6S200,development,10000,True,100186,10000,10182,10,0,[],0.02037936152046886,0.05899800240725531,0.08541726820391564
arm-9c4ffe22a9,Kinova Robotics,Jaco J2N6S300,development,1000,True,77642,1000,1688,10,0,[],0.031664025418336114,0.11943212476818542,0.15989613019488194
arm-9c4ffe22a9,Kinova Robotics,Jaco J2N6S300,development,5000,True,77642,5000,5252,10,0,[],0.02029558168592672,0.06073793371199794,0.08662640468146117
arm-9c4ffe22a9,Kinova Robotics,Jaco J2N6S300,development,10000,True,77642,10000,10132,10,0,[],0.020633861469483705,0.06338259107036359,0.08766204489387859
arm-fb66eee2b5,Kinova Robotics,Jaco J2N7S300,development,1000,True,82266,1000,1712,11,0,[],0.032442933192680205,0.11153320245926025,0.13355855615577553
arm-fb66eee2b5,Kinova Robotics,Jaco J2N7S300,development,5000,True,82266,5000,5260,11,0,[],0.02222365599248956,0.06592800476445212,0.08169067596705507
arm-fb66eee2b5,Kinova Robotics,Jaco J2N7S300,development,10000,True,82266,10000,10142,11,0,[],0.021799661703279852,0.06755612882709786,0.0791065227402854
arm-1998f45a5c,Kinova Robotics,Jaco J2S6S200,development,1000,True,111992,1000,2250,11,0,[],0.025994551464739942,0.09947313514942212,0.1488861324157838
arm-1998f45a5c,Kinova Robotics,Jaco J2S6S200,development,5000,True,111992,5000,5306,11,0,[],0.021051235713183517,0.06076806762346441,0.08944238621716649
arm-1998f45a5c,Kinova Robotics,Jaco J2S6S200,development,10000,True,111992,10000,10216,11,0,[],0.020662808013959692,0.06139735120088217,0.09101084478232643
arm-9c6c2f8aef,Kinova Robotics,Jaco J2S6S300,development,1000,True,89448,1000,1742,11,0,[],0.03114175238159854,0.11362387573788035,0.15382229292268418
arm-9c6c2f8aef,Kinova Robotics,Jaco J2S6S300,development,5000,True,89448,5000,5268,11,0,[],0.020878035044357084,0.06323497920103342,0.08685713429402096
arm-9c6c2f8aef,Kinova Robotics,Jaco J2S6S300,development,10000,True,89448,10000,10160,11,0,[],0.02038612006671285,0.06137230954988368,0.08197259126730722
arm-296b557ef0,Kinova Robotics,Jaco J2S7S300,development,1000,True,94072,1000,1760,12,0,[],0.03019486129108203,0.10873252206705328,0.1339506959379726
arm-296b557ef0,Kinova Robotics,Jaco J2S7S300,development,5000,True,94072,5000,5272,12,0,[],0.022422456532185702,0.06609349007812555,0.07814255475930783
arm-296b557ef0,Kinova Robotics,Jaco J2S7S300,development,10000,True,94072,10000,10172,12,0,[],0.0215871360747207,0.06468614771676873,0.07486789478036669
arm-30ac22fcc7,Kinova Robotics,Mico M1N4S200,development,1000,True,97526,1000,2064,9,0,[],0.031749695574596476,0.12102050224281671,0.16135443309149666
arm-30ac22fcc7,Kinova Robotics,Mico M1N4S200,development,5000,True,97526,5000,5278,9,0,[],0.02238823938704492,0.06882948033800032,0.09859750799773938
arm-30ac22fcc7,Kinova Robotics,Mico M1N4S200,development,10000,True,97526,10000,10180,9,0,[],0.021567377030814325,0.06675752883791734,0.08278452524901557
arm-fbeebf16bf,Kinova Robotics,Mico M1N6S200,development,1000,True,101212,1000,2086,10,0,[],0.031030027434803497,0.11480261239592271,0.16303931091008753
arm-fbeebf16bf,Kinova Robotics,Mico M1N6S200,development,5000,True,101212,5000,5282,10,0,[],0.022151035630705584,0.06625255209383393,0.09991538134109304
arm-fbeebf16bf,Kinova Robotics,Mico M1N6S200,development,10000,True,101212,10000,10188,10,0,[],0.021661328198142867,0.06620314221006299,0.08690988120159855
arm-6db670c663,Kinova Robotics,Mico M1N6S300,development,1000,True,78668,1000,1696,10,0,[],0.03489395373070668,0.13155957813421565,0.17069902326430236
arm-6db670c663,Kinova Robotics,Mico M1N6S300,development,5000,True,78668,5000,5254,10,0,[],0.02182283125968121,0.06251065894187627,0.08829906730051747
arm-6db670c663,Kinova Robotics,Mico M1N6S300,development,10000,True,78668,10000,10130,10,0,[],0.021617130482755504,0.06438423568876875,0.08093807013441699
arm-ab15a75247,Lynxmotion,AL5D,development,1000,True,58952,1000,13080,5,0,[],0.020315948766341813,0.06653202384389317,0.17537986527612318
arm-ab15a75247,Lynxmotion,AL5D,development,5000,True,58952,5000,13080,5,0,[],0.02086456538429048,0.06587986969868083,0.1909909205386963
arm-ab15a75247,Lynxmotion,AL5D,development,10000,True,58952,10000,13080,5,0,[],0.0205763734413272,0.06746953821600253,0.19315446101361156
arm-10f5f05385,Quanser,QArm,development,1000,True,362839,1000,9524,5,0,[],0.02791787163927651,0.1394487924265068,0.21338453732687354
arm-10f5f05385,Quanser,QArm,development,5000,True,362839,5000,10919,5,0,[],0.024857847708513132,0.08558764634962573,0.17978218382169037
arm-10f5f05385,Quanser,QArm,development,10000,True,362839,10000,14573,5,0,[],0.023946135344052377,0.09702752070634717,0.16784665668698454
arm-d55f01b988,ROBOTIS,Open Manipulator,development,1000,True,81644,1000,31462,7,0,[],0.022364481503026095,0.06562615479301079,0.3102638073774903
arm-d55f01b988,ROBOTIS,Open Manipulator,development,5000,True,81644,5000,31462,7,0,[],0.022425637935005162,0.06325950689511192,0.3052444340536641
arm-d55f01b988,ROBOTIS,Open Manipulator,development,10000,True,81644,10000,31462,7,0,[],0.02232322380630998,0.06336479047174474,0.32172771346394236
arm-551a9c392e,Rethink Robotics,Sawyer,validation,1000,True,227815,1000,27618,10,0,[],0.029798426576654605,0.11472361923243195,0.2783037609197872
arm-551a9c392e,Rethink Robotics,Sawyer,validation,5000,True,227815,5000,27899,10,0,[],0.025284225165517996,0.10636439328281357,0.2565229256016782
arm-551a9c392e,Rethink Robotics,Sawyer,validation,10000,True,227815,10000,28471,10,0,[],0.025217298086085502,0.09483152206225351,0.2493891451584347
arm-21b8992ec4,Schunk,LWA 4D,validation,1000,True,12698,1000,996,8,0,[],0.026858435055385606,0.07367520812658632,0.21475055134650228
arm-21b8992ec4,Schunk,LWA 4D,validation,5000,True,12698,5000,4994,8,0,[],0.02403923453358338,0.07274637172636583,0.2088584167181062
arm-21b8992ec4,Schunk,LWA 4D,validation,10000,True,12698,10000,9994,8,0,[],0.02381485535334659,0.07658365492923568,0.21810241303022349
arm-25d4f5567f,Schunk,LWA 4P,validation,1000,True,29093,1000,991,7,0,[],0.02329735542564571,0.06251226208450435,0.12895530400369326
arm-25d4f5567f,Schunk,LWA 4P,validation,5000,True,29093,5000,4992,7,0,[],0.020982919078852268,0.06591571065753071,0.10729932035878412
arm-25d4f5567f,Schunk,LWA 4P,validation,10000,True,29093,10000,9991,7,0,[],0.02106098495170414,0.06298322206281327,0.10928677682743886
arm-0417f43b13,Staubli,RX 160,development,1000,True,39982,1000,1172,7,0,[],0.04232971715604315,0.1581188895675676,0.1731010768335773
arm-0417f43b13,Staubli,RX 160,development,5000,True,39982,5000,4993,7,0,[],0.025557447905168937,0.08693314961862773,0.14904639481811693
arm-0417f43b13,Staubli,RX 160,development,10000,True,39982,10000,9993,7,0,[],0.024732836547776162,0.08552872473297597,0.16295931626275284
arm-24f259efca,Staubli,RX 160L,development,1000,True,47446,1000,3404,7,0,[],0.037427119789412336,0.1648587495247433,0.17541337824445907
arm-24f259efca,Staubli,RX 160L,development,5000,True,47446,5000,6042,7,0,[],0.024685951836454195,0.10361120347893077,0.13051702007871385
arm-24f259efca,Staubli,RX 160L,development,10000,True,47446,10000,9991,7,0,[],0.022737472839210206,0.07571089141954276,0.14085541267771978
arm-0573e1e127,Staubli,TX-60,development,1000,True,37580,1000,1236,7,0,[],0.028836491084987266,0.08802253022306383,0.18454058380865282
arm-0573e1e127,Staubli,TX-60,development,5000,True,37580,5000,4992,7,0,[],0.023369960844691142,0.06812976188009726,0.1296761265581624
arm-0573e1e127,Staubli,TX-60,development,10000,True,37580,10000,9992,7,0,[],0.023510149604010173,0.07042456632985405,0.13876703902406148
arm-5547a74654,Staubli,TX-60L,development,1000,True,34874,1000,1351,7,0,[],0.02785227256145184,0.08989104768274016,0.1545706837465292
arm-5547a74654,Staubli,TX-60L,development,5000,True,34874,5000,4995,7,0,[],0.02212601092972209,0.06671435409108226,0.130693792149403
arm-5547a74654,Staubli,TX-60L,development,10000,True,34874,10000,9993,7,0,[],0.022076730494690423,0.06621149142027558,0.12496980043937966
arm-e93307d9bd,Staubli,TX-90,development,1000,True,41011,1000,994,7,0,[],0.025200116161233063,0.06770564777258699,0.11299548858883843
arm-e93307d9bd,Staubli,TX-90,development,5000,True,41011,5000,4993,7,0,[],0.02405632290217099,0.0704176710520846,0.105470050769324
arm-e93307d9bd,Staubli,TX-90,development,10000,True,41011,10000,9995,7,0,[],0.02353851717870046,0.07004050370726218,0.10708528128004843
arm-d07d771ab2,Staubli,TX-90L,development,1000,True,37649,1000,1058,7,0,[],0.025438235417334695,0.07693177484793456,0.12783177933887624
arm-d07d771ab2,Staubli,TX-90L,development,5000,True,37649,5000,4992,7,0,[],0.022917647763336806,0.06933332169071446,0.11144926472060256
arm-d07d771ab2,Staubli,TX-90L,development,10000,True,37649,10000,9993,7,0,[],0.02275319036721512,0.06935767945628238,0.09711396608872432
arm-c19ddd110e,Staubli,TX-90XL,development,1000,True,38184,1000,993,7,0,[],0.024170400117158167,0.06680916059356573,0.12968270110609784
arm-c19ddd110e,Staubli,TX-90XL,development,5000,True,38184,5000,4990,7,0,[],0.02171081289364537,0.06486481913125966,0.10058809094668465
arm-c19ddd110e,Staubli,TX-90XL,development,10000,True,38184,10000,9991,7,0,[],0.021787293867410372,0.06785581173595345,0.10310506526624569
arm-7e62b38268,Staubli,TX2-60,development,1000,True,37229,1000,992,7,0,[],0.026231989568622202,0.07296507439154182,0.1401285110833369
arm-7e62b38268,Staubli,TX2-60,development,5000,True,37229,5000,4992,7,0,[],0.02413609464742808,0.07192592892964982,0.12838849881698353
arm-7e62b38268,Staubli,TX2-60,development,10000,True,37229,10000,9992,7,0,[],0.023235156193062035,0.07226851563672992,0.12564079550428248
arm-34e953c5c7,Staubli,TX2-60L,development,1000,True,35938,1000,991,7,0,[],0.024701179653493336,0.0688851572481087,0.13742980841202893
arm-34e953c5c7,Staubli,TX2-60L,development,5000,True,35938,5000,4995,7,0,[],0.02277866146109165,0.0660399869670231,0.12688031191700563
arm-34e953c5c7,Staubli,TX2-60L,development,10000,True,35938,10000,9996,7,0,[],0.022539235148679573,0.0692144420814701,0.12709155200689023
arm-144f1962ce,Staubli,TX2-90,validation,1000,True,54963,1000,1640,7,0,[],0.03104736721659967,0.09783359043164938,0.16316266525174355
arm-144f1962ce,Staubli,TX2-90,validation,5000,True,54963,5000,4992,7,0,[],0.023577945679011097,0.06992645424858863,0.11205455915790916
arm-144f1962ce,Staubli,TX2-90,validation,10000,True,54963,10000,9994,7,0,[],0.023501479825636416,0.07203222572029677,0.11535482748453993
arm-2a2b0eb0bf,Staubli,TX2-90L,validation,1000,True,55814,1000,1644,7,0,[],0.030882798540848813,0.0910330745204322,0.1542052805822268
arm-2a2b0eb0bf,Staubli,TX2-90L,validation,5000,True,55814,5000,4992,7,0,[],0.02265174500387326,0.0692216621619083,0.10833120164603
arm-2a2b0eb0bf,Staubli,TX2-90L,validation,10000,True,55814,10000,9993,7,0,[],0.02241057601267816,0.0694412031712397,0.10627300878276674
arm-b10f1f90f2,Staubli,TX2-90XL,validation,1000,True,57554,1000,1658,7,0,[],0.02863002402168758,0.08663110188280845,0.15180299655921436
arm-b10f1f90f2,Staubli,TX2-90XL,validation,5000,True,57554,5000,4992,7,0,[],0.022228009062449608,0.06667745301065037,0.10791360562812215
arm-b10f1f90f2,Staubli,TX2-90XL,validation,10000,True,57554,10000,9994,7,0,[],0.021600522181415387,0.06557980919192206,0.10954494059647124
arm-84f18dca29,Trossen Robotics,PhantomX Pincher,development,1000,True,9242,1000,3052,7,0,[],0.025533303149505415,0.09019729535078536,0.29628038833997733
arm-84f18dca29,Trossen Robotics,PhantomX Pincher,development,5000,True,9242,5000,5020,7,0,[],0.025792791563773523,0.09021183547854962,0.30000207938198736
arm-84f18dca29,Trossen Robotics,PhantomX Pincher,development,10000,True,9242,10000,9242,7,0,[],0.0,0.0,0.0
arm-b7ba94bbd4,Trossen Robotics,PincherX-100,validation,1000,True,6620,1000,2226,8,0,[],0.02277005431522766,0.07061996902631687,0.1655862970779819
arm-b7ba94bbd4,Trossen Robotics,PincherX-100,validation,5000,True,6620,5000,4992,8,0,[],0.022640469268321417,0.06954813556453347,0.16325536689636116
arm-b7ba94bbd4,Trossen Robotics,PincherX-100,validation,10000,True,6620,10000,6620,8,0,[],0.0,0.0,0.0
arm-355efc5b8b,Trossen Robotics,PincherX-150,validation,1000,True,10672,1000,3494,9,0,[],0.022276264493825627,0.06468628461201978,0.1590023063701448
arm-355efc5b8b,Trossen Robotics,PincherX-150,validation,5000,True,10672,5000,5308,9,0,[],0.022428854262523286,0.06259275839808254,0.1792969306721504
arm-355efc5b8b,Trossen Robotics,PincherX-150,validation,10000,True,10672,10000,9990,9,0,[],0.02265347071514462,0.06500356181505729,0.14835414910713682
arm-ab859c237c,Trossen Robotics,ReactorX-150,validation,1000,True,11194,1000,3392,9,0,[],0.02280918513321843,0.07309704271879279,0.13926049189623158
arm-ab859c237c,Trossen Robotics,ReactorX-150,validation,5000,True,11194,5000,5300,9,0,[],0.022880175402849905,0.06739101861488703,0.14210896198029155
arm-ab859c237c,Trossen Robotics,ReactorX-150,validation,10000,True,11194,10000,9992,9,0,[],0.022215487115308196,0.0627787928081469,0.1403920593219171
arm-c4fb1c3613,Trossen Robotics,ReactorX-200,validation,1000,True,10398,1000,3282,9,0,[],0.02187899138821599,0.06832423635204937,0.15335340823429067
arm-c4fb1c3613,Trossen Robotics,ReactorX-200,validation,5000,True,10398,5000,5278,9,0,[],0.02174857075092974,0.07218905641199952,0.14386543421111664
arm-c4fb1c3613,Trossen Robotics,ReactorX-200,validation,10000,True,10398,10000,9990,9,0,[],0.02201362429821358,0.0663171898440314,0.1539308233876517
arm-c19394961c,Trossen Robotics,Turtlebot Arm,development,1000,True,9360,1000,3096,6,0,[],0.024925333880303505,0.0709759099254526,0.2764161698795549
arm-c19394961c,Trossen Robotics,Turtlebot Arm,development,5000,True,9360,5000,4998,6,0,[],0.024364041518151924,0.06594108218767233,0.2651421970679811
arm-c19394961c,Trossen Robotics,Turtlebot Arm,development,10000,True,9360,10000,9360,6,0,[],0.0,0.0,0.0
arm-1e30cc03ac,Trossen Robotics,ViperX-300,development,1000,True,25884,1000,11505,9,0,[],0.020847244935634425,0.05978277153403746,0.18502438964374254
arm-1e30cc03ac,Trossen Robotics,ViperX-300,development,5000,True,25884,5000,11619,9,0,[],0.020678039863948096,0.06203305245227883,0.18311728712368572
arm-1e30cc03ac,Trossen Robotics,ViperX-300,development,10000,True,25884,10000,12669,9,0,[],0.02054118081757269,0.06166664588582105,0.17713802818438684
arm-3cd0743b5b,Trossen Robotics,ViperX-300s,development,1000,True,27784,1000,11967,10,0,[],0.021234238206949873,0.06799462344153305,0.17518354830176727
arm-3cd0743b5b,Trossen Robotics,ViperX-300s,development,5000,True,27784,5000,12047,10,0,[],0.021394187872036712,0.06473307741308643,0.17495824541059213
arm-3cd0743b5b,Trossen Robotics,ViperX-300s,development,10000,True,27784,10000,13131,10,0,[],0.021240020985066364,0.06284993387359207,0.17060529042421615
arm-01df249d91,Trossen Robotics,WidowX-200,development,1000,True,7722,1000,2214,9,0,[],0.020858602446662045,0.06322540588304963,0.16158335619031203
arm-01df249d91,Trossen Robotics,WidowX-200,development,5000,True,7722,5000,4988,9,0,[],0.020742158376756564,0.06126243779680229,0.15073351362484827
arm-01df249d91,Trossen Robotics,WidowX-200,development,10000,True,7722,10000,7722,9,0,[],0.0,0.0,0.0
arm-1293f54184,Trossen Robotics,WidowX-250,development,1000,True,7842,1000,2456,9,0,[],0.01987500747576765,0.06010056305589157,0.15923770397059128
arm-1293f54184,Trossen Robotics,WidowX-250,development,5000,True,7842,5000,4994,9,0,[],0.019889915573550222,0.06050315931963621,0.15778917779753068
arm-1293f54184,Trossen Robotics,WidowX-250,development,10000,True,7842,10000,7842,9,0,[],0.0,0.0,0.0
arm-787fc29345,Trossen Robotics,WidowX-250s,development,1000,True,10866,1000,2996,10,0,[],0.021415772393915032,0.07054411768618105,0.1704709709388762
arm-787fc29345,Trossen Robotics,WidowX-250s,development,5000,True,10866,5000,5072,10,0,[],0.02089948862999847,0.062326905679108036,0.17840061403667357
arm-787fc29345,Trossen Robotics,WidowX-250s,development,10000,True,10866,10000,9988,10,0,[],0.02143939545631936,0.06336209832835361,0.17762825417360853
arm-c83ebf2672,Universal Robots,UR10,development,1000,True,116052,1000,5257,7,0,[],0.04139575878517128,0.20373006303748747,0.22467728202546283
arm-c83ebf2672,Universal Robots,UR10,development,5000,True,116052,5000,6712,7,0,[],0.036765668046680564,0.18816735998445186,0.2205400432428454
arm-c83ebf2672,Universal Robots,UR10,development,10000,True,116052,10000,9994,7,0,[],0.029877250405266478,0.14525959498856394,0.193946085160527
arm-acd806343f,Universal Robots,UR10e,development,1000,True,129621,1000,85931,7,0,[],0.022920490362394255,0.1346629831731678,0.1327507162643317
arm-acd806343f,Universal Robots,UR10e,development,5000,True,129621,5000,85931,7,0,[],0.023113240493967423,0.130265897241396,0.13750851355041915
arm-acd806343f,Universal Robots,UR10e,development,10000,True,129621,10000,85931,7,0,[],0.02330113708959256,0.13289161568913477,0.14438399567458546
arm-447dd175af,Universal Robots,UR3,validation,1000,True,67274,1000,4629,7,0,[],0.0669366698575774,0.3144631608321816,0.2977454862727792
arm-447dd175af,Universal Robots,UR3,validation,5000,True,67274,5000,6858,7,0,[],0.05389467551079074,0.25439507711086906,0.22708013217399176
arm-447dd175af,Universal Robots,UR3,validation,10000,True,67274,10000,10515,7,0,[],0.03116098455472192,0.13054038400697685,0.19613368418678712
arm-e99fababe4,Universal Robots,UR3e,validation,1000,True,131817,1000,83759,7,0,[],0.02586157907688596,0.1544703852831303,0.1734683273553814
arm-e99fababe4,Universal Robots,UR3e,validation,5000,True,131817,5000,83759,7,0,[],0.02619113925358073,0.1643816859888571,0.17497720529096006
arm-e99fababe4,Universal Robots,UR3e,validation,10000,True,131817,10000,83759,7,0,[],0.025952323272245698,0.1565050754998808,0.16358934427481303
arm-17a4199cfb,Universal Robots,UR5,validation,1000,True,95670,1000,17865,7,0,[],0.032392781319798836,0.1200295030216735,0.16581674595607623
arm-17a4199cfb,Universal Robots,UR5,validation,5000,True,95670,5000,17999,7,0,[],0.026832537181441782,0.09809676619069656,0.1628946330523073
arm-17a4199cfb,Universal Robots,UR5,validation,10000,True,95670,10000,18187,7,0,[],0.026863582008367217,0.09657663930719947,0.161421711200381
arm-31ecc95a27,Universal Robots,UR5e,validation,1000,True,121789,1000,73204,7,0,[],0.024448526387943252,0.13922473094699214,0.177888853598069
arm-31ecc95a27,Universal Robots,UR5e,validation,5000,True,121789,5000,73204,7,0,[],0.02348579301264435,0.13556714003209916,0.15741750748260694
arm-31ecc95a27,Universal Robots,UR5e,validation,10000,True,121789,10000,73204,7,0,[],0.023855867980908017,0.1270470075546533,0.1549789028583279
arm-e8a782b5bc,Yaskawa Motoman,Motoman MH5,validation,1000,True,184911,1000,17789,7,0,[],0.029544791761112656,0.10525736013439828,0.1892149641616717
arm-e8a782b5bc,Yaskawa Motoman,Motoman MH5,validation,5000,True,184911,5000,17789,7,0,[],0.030292051502900617,0.10744029301950285,0.18518728402429951
arm-e8a782b5bc,Yaskawa Motoman,Motoman MH5,validation,10000,True,184911,10000,17789,7,0,[],0.029674376437071145,0.10254986112020338,0.1842303595670541
arm-3d848aeb52,Yaskawa Motoman,Motoman SIA10D,validation,1000,True,9887,1000,992,8,0,[],0.024391538669365824,0.07361300403371926,0.03776391547602093
arm-3d848aeb52,Yaskawa Motoman,Motoman SIA10D,validation,5000,True,9887,5000,4990,8,0,[],0.024173139012384628,0.07147769203533536,0.03156290174500687
arm-3d848aeb52,Yaskawa Motoman,Motoman SIA10D,validation,10000,True,9887,10000,9887,8,0,[],0.0,0.0,0.0
arm-eee1fac0b3,Yaskawa Motoman,Motoman SIA10F,validation,1000,True,9887,1000,992,8,0,[],0.024414875618828796,0.07051381123664273,0.03552601962153329
arm-eee1fac0b3,Yaskawa Motoman,Motoman SIA10F,validation,5000,True,9887,5000,4990,8,0,[],0.023958489867526078,0.06873316408926694,0.03081701918371733
arm-eee1fac0b3,Yaskawa Motoman,Motoman SIA10F,validation,10000,True,9887,10000,9887,8,0,[],0.0,0.0,0.0
arm-10582c0edf,Yaskawa Motoman,Motoman SIA20D,validation,1000,True,9887,1000,992,8,0,[],0.02443118471242288,0.06904244007670648,0.03753410550509847
arm-10582c0edf,Yaskawa Motoman,Motoman SIA20D,validation,5000,True,9887,5000,4990,8,0,[],0.0240659863169634,0.07118061080105981,0.02879809611853714
arm-10582c0edf,Yaskawa Motoman,Motoman SIA20D,validation,10000,True,9887,10000,9887,8,0,[],0.0,0.0,0.0
arm-33a606333c,Yaskawa Motoman,Motoman SIA5D,validation,1000,True,11693,1000,994,8,0,[],0.02393368774685236,0.07141061366099875,0.05027264159641686
arm-33a606333c,Yaskawa Motoman,Motoman SIA5D,validation,5000,True,11693,5000,4992,8,0,[],0.023464063467750873,0.07254628847663087,0.04077327078797477
arm-33a606333c,Yaskawa Motoman,Motoman SIA5D,validation,10000,True,11693,10000,9991,8,0,[],0.023600834157487958,0.06986634893074992,0.04310140012001353
