edge,consumer,fields,source_sha256,status
L0_to_L1,L00,parent_joint_record;child_joint_records;canonical_world_transform,f381d6f7da5fe3a5ee72161825f390c11b9c4dc3d28bdabffc4d2976a5ff6879,CONSUMED
L0_to_L1,L01,parent_joint_record;child_joint_records;canonical_world_transform,f381d6f7da5fe3a5ee72161825f390c11b9c4dc3d28bdabffc4d2976a5ff6879,CONSUMED
L0_to_L1,L02,parent_joint_record;child_joint_records;canonical_world_transform,f381d6f7da5fe3a5ee72161825f390c11b9c4dc3d28bdabffc4d2976a5ff6879,CONSUMED
L0_to_L1,L03,parent_joint_record;child_joint_records;canonical_world_transform,f381d6f7da5fe3a5ee72161825f390c11b9c4dc3d28bdabffc4d2976a5ff6879,CONSUMED
L0_to_L1,L04,parent_joint_record;child_joint_records;canonical_world_transform,f381d6f7da5fe3a5ee72161825f390c11b9c4dc3d28bdabffc4d2976a5ff6879,CONSUMED
L0_to_L1,L05,parent_joint_record;child_joint_records;canonical_world_transform,f381d6f7da5fe3a5ee72161825f390c11b9c4dc3d28bdabffc4d2976a5ff6879,CONSUMED
L0_to_L1,L06,parent_joint_record;child_joint_records;canonical_world_transform,f381d6f7da5fe3a5ee72161825f390c11b9c4dc3d28bdabffc4d2976a5ff6879,CONSUMED
L0_to_L1,L07,parent_joint_record;child_joint_records;canonical_world_transform,f381d6f7da5fe3a5ee72161825f390c11b9c4dc3d28bdabffc4d2976a5ff6879,CONSUMED
L0_to_L1,L08,parent_joint_record;child_joint_records;canonical_world_transform,f381d6f7da5fe3a5ee72161825f390c11b9c4dc3d28bdabffc4d2976a5ff6879,CONSUMED
L0_to_L1,L09,parent_joint_record;child_joint_records;canonical_world_transform,f381d6f7da5fe3a5ee72161825f390c11b9c4dc3d28bdabffc4d2976a5ff6879,CONSUMED
L0_to_L1,L10,parent_joint_record;child_joint_records;canonical_world_transform,f381d6f7da5fe3a5ee72161825f390c11b9c4dc3d28bdabffc4d2976a5ff6879,CONSUMED
L0_to_L1,L11,parent_joint_record;child_joint_records;canonical_world_transform,f381d6f7da5fe3a5ee72161825f390c11b9c4dc3d28bdabffc4d2976a5ff6879,CONSUMED
L0_to_L2,J00,joint topology;origin;axis;limits;world frame,f381d6f7da5fe3a5ee72161825f390c11b9c4dc3d28bdabffc4d2976a5ff6879,CONSUMED
L1_to_L2,J00,parent/child role;envelope;body family;regions,df46fd13b8130d4ef5a3ebefbedb00812166c391a5fb419fd52292412d4df0c9,CONSUMED
L0_to_L2,J01,joint topology;origin;axis;limits;world frame,f381d6f7da5fe3a5ee72161825f390c11b9c4dc3d28bdabffc4d2976a5ff6879,CONSUMED
L1_to_L2,J01,parent/child role;envelope;body family;regions,df46fd13b8130d4ef5a3ebefbedb00812166c391a5fb419fd52292412d4df0c9,CONSUMED
L0_to_L2,J02,joint topology;origin;axis;limits;world frame,f381d6f7da5fe3a5ee72161825f390c11b9c4dc3d28bdabffc4d2976a5ff6879,CONSUMED
L1_to_L2,J02,parent/child role;envelope;body family;regions,df46fd13b8130d4ef5a3ebefbedb00812166c391a5fb419fd52292412d4df0c9,CONSUMED
L0_to_L2,J03,joint topology;origin;axis;limits;world frame,f381d6f7da5fe3a5ee72161825f390c11b9c4dc3d28bdabffc4d2976a5ff6879,CONSUMED
L1_to_L2,J03,parent/child role;envelope;body family;regions,df46fd13b8130d4ef5a3ebefbedb00812166c391a5fb419fd52292412d4df0c9,CONSUMED
L0_to_L2,J04,joint topology;origin;axis;limits;world frame,f381d6f7da5fe3a5ee72161825f390c11b9c4dc3d28bdabffc4d2976a5ff6879,CONSUMED
L1_to_L2,J04,parent/child role;envelope;body family;regions,df46fd13b8130d4ef5a3ebefbedb00812166c391a5fb419fd52292412d4df0c9,CONSUMED
L0_to_L2,J05,joint topology;origin;axis;limits;world frame,f381d6f7da5fe3a5ee72161825f390c11b9c4dc3d28bdabffc4d2976a5ff6879,CONSUMED
L1_to_L2,J05,parent/child role;envelope;body family;regions,df46fd13b8130d4ef5a3ebefbedb00812166c391a5fb419fd52292412d4df0c9,CONSUMED
L0_to_L2,J06,joint topology;origin;axis;limits;world frame,f381d6f7da5fe3a5ee72161825f390c11b9c4dc3d28bdabffc4d2976a5ff6879,CONSUMED
L1_to_L2,J06,parent/child role;envelope;body family;regions,df46fd13b8130d4ef5a3ebefbedb00812166c391a5fb419fd52292412d4df0c9,CONSUMED
L0_to_L2,J07,joint topology;origin;axis;limits;world frame,f381d6f7da5fe3a5ee72161825f390c11b9c4dc3d28bdabffc4d2976a5ff6879,CONSUMED
L1_to_L2,J07,parent/child role;envelope;body family;regions,df46fd13b8130d4ef5a3ebefbedb00812166c391a5fb419fd52292412d4df0c9,CONSUMED
L0_to_L2,J08,joint topology;origin;axis;limits;world frame,f381d6f7da5fe3a5ee72161825f390c11b9c4dc3d28bdabffc4d2976a5ff6879,CONSUMED
L1_to_L2,J08,parent/child role;envelope;body family;regions,df46fd13b8130d4ef5a3ebefbedb00812166c391a5fb419fd52292412d4df0c9,CONSUMED
L0_to_L2,J09,joint topology;origin;axis;limits;world frame,f381d6f7da5fe3a5ee72161825f390c11b9c4dc3d28bdabffc4d2976a5ff6879,CONSUMED
L1_to_L2,J09,parent/child role;envelope;body family;regions,df46fd13b8130d4ef5a3ebefbedb00812166c391a5fb419fd52292412d4df0c9,CONSUMED
L0_to_L2,J10,joint topology;origin;axis;limits;world frame,f381d6f7da5fe3a5ee72161825f390c11b9c4dc3d28bdabffc4d2976a5ff6879,CONSUMED
L1_to_L2,J10,parent/child role;envelope;body family;regions,df46fd13b8130d4ef5a3ebefbedb00812166c391a5fb419fd52292412d4df0c9,CONSUMED
