path,bytes,sha256
B1\R02_P04\round_0\agent_output.json,49326,f3f7e68f450b3744affab44289d71441612fd28606239e95590949e9b02585be
B1\R02_P04\round_0\cad_ir.json,15188,c0f1cabc52f06c3d88aa16cf95eeb426b51579b61f6c34f8814908feab987794
B1\R02_P04\round_0\cad_validity.json,859,5b4fd289e6951bf0af82d6ef877c511fa1fc390df32d6668ddfb99d1404a12e8
B1\R02_P04\round_0\execution_log.json,41403,1f20a2d0301504553d0c2d14c5855a71905276f429449c61ade415d0f84e8564
B1\R02_P04\round_0\execution_result.json,900,03b8fc0526a148237e33aab7a71ae8432fc5c2b14c33e975a9908c40970da5af
B1\R02_P04\round_0\feature_graph.json,4805,111e5f1e1d05db4b06368df44663b7d2c1606647cf391d03fa9fffff80e71d06
B1\R02_P04\round_0\feature_tree.json,15894,fc6c1409fa3529a6c5f8399855686fea987e595e8143548a1bfc68ebcb6e4eff
B1\R02_P04\round_0\freecad_job.json,238,5806bf21483f2c2559ce9cdd39a63198c03f5133b262a9fcb1654032fc60dc59
B1\R02_P04\round_0\freecad_stderr.txt,59,084e87e873b55857151f36d2447b00a35e8947c6582f4d8a8b7c039fdbce2dc1
B1\R02_P04\round_0\freecad_stdout.txt,0,e3b0c44298fc1c149afbf4c8996fb92427ae41e4649b934ca495991b7852b855
B1\R02_P04\round_0\model.FCStd,147620,08486abaf7824cca7439bba848c035e1614bd4f9ffa4840f43aa8b960253d4a0
B1\R02_P04\round_0\model.step,65507,14b7abd0a5564675455cb6fd2a813d16ff9363577cf04c264a63ec49606848ea
B1\R02_P04\round_0\model.stl,130884,b48e7fc00421596377e8ebb7fc0e2f5a5e1f118c8efb5f7bed0064d9445bd0f9
B1\R02_P04\round_0\part_state.json,202,b33a7570287b398086adb38266f75d30356de83b4c67e013d013c94f2e2d1bf7
B1\R02_P04\round_0\renders\front.png,7370,ad7e91ac66913da3c2266584b77c770eb4812e1d014c1de1f6c2c80a41614991
B1\R02_P04\round_0\renders\isometric.png,20605,9d9fbef6ea358bf52cab4312c9c3a7fd9d339756110aca14e12382d3fadf7eaa
B1\R02_P04\round_0\renders\side.png,6689,4da485be876d6e43392aac267c3023de3387fa3c5e4f7119cda1fdc9d4ba554e
B1\R02_P04\round_0\renders\top.png,7722,d6abfe2ee68c639a2d8455ec6dabe6c2b878b8ee70a462e3e2c5d8079657967b
B1\R02_P06\round_0\agent_output.json,54566,85f78c78def6ec855ed7d07c6cb1386af6d4614a1bdc9bab7a823f1791b87cee
B1\R02_P06\round_0\cad_ir.json,16115,feb1efde7843dcc225009529474c9183d51726999af664b77dd4b98739433faa
B1\R02_P06\round_0\cad_validity.json,875,5b7fd993bea43b07d3592999061fc2acf35bd48310712de9e48f2f0573ce080d
B1\R02_P06\round_0\execution_log.json,20592,9e11fbe30edfd26b464ed0d78d673e8079617d24b08b8fa5a829377861570845
B1\R02_P06\round_0\execution_result.json,916,21967114de04283f32b3ab304893e4574b23565cbe4183092fde4e864bf65d07
B1\R02_P06\round_0\feature_graph.json,7346,a3bded3bb07ffe7cebba85a5340ed9f72a9940ec304616ec1e713ff51c6d1ec9
B1\R02_P06\round_0\feature_tree.json,12174,a86d0ba3c2a86c6cf4da0ee5c355efb6924901f4d2525accf2b8de0a86e04c2a
B1\R02_P06\round_0\freecad_job.json,238,2f04fc79839e2262b818577daa2b0e11874efd0d49738de2396ccd78f96b162d
B1\R02_P06\round_0\freecad_stderr.txt,59,084e87e873b55857151f36d2447b00a35e8947c6582f4d8a8b7c039fdbce2dc1
B1\R02_P06\round_0\freecad_stdout.txt,0,e3b0c44298fc1c149afbf4c8996fb92427ae41e4649b934ca495991b7852b855
B1\R02_P06\round_0\model.FCStd,27164,d98bbed9f38ef5e6fe2c25f6f5a7a938f1ce21429f092a05b8df731d246a0a4d
B1\R02_P06\round_0\model.step,87313,ea8669603de59721dc4121492fb4fb7d6b5ad33db05aa2a5b8f38a120e9f44ac
B1\R02_P06\round_0\model.stl,31884,ac8fa5e84328007794e13b32465fd1b5fbbe116bacc065cbd5021715cf063588
B1\R02_P06\round_0\part_state.json,202,a2e2f09a2722cc75994a3e37a282fa055e2ccd48d4c3c0523c837cc8c3538417
B1\R02_P06\round_0\renders\front.png,6860,58f0c84d77659fa5d05124ab208349ca416ae130d0d7dbf6dd011e95750f15d3
B1\R02_P06\round_0\renders\isometric.png,20924,856ed2a52d113d4dd30629d400cafdab43bba0f8e36cb18598dd9ce572700c94
B1\R02_P06\round_0\renders\side.png,7291,af94b87d03a880932f4dc13206a79c29bbe3dafe85614ad986038926f6a4a7a8
B1\R02_P06\round_0\renders\top.png,8953,3c7f2045488960f5dbe3fb22b138983f48dae97d6b8ad29bcad72e6d1727f7e0
B2\R02_P04\round_0\agent_output.json,51989,29121cf8198671ac1e1e02a146500d9c58c459710c1dab605e3abbfaaa0cdf9e
B2\R02_P04\round_0\cad_ir.json,16428,4a9b9936d3942f50ccb97ba1ddcf241ed3fb7d6b8a5377dfa3c7a6e04a15cf3b
B2\R02_P04\round_0\cad_validity.json,858,495bb5d5bdcd7376be17df65b67f29b9b16a1120e7040c37f77518735d88733a
B2\R02_P04\round_0\execution_log.json,42508,d66a0ee10340e00aae271ab1561fab245b3cd03ded8270167a05daa6e234fc06
B2\R02_P04\round_0\execution_result.json,899,b290df8a75ef73818e4a2a49441868bfd904f981ed3008565d52d7b3cd24f9a1
B2\R02_P04\round_0\feature_graph.json,4804,f82f9e52e2a1ad0e0ed7fcc151bc0234ca9cc72a87285fe3fad42ddaea6c0f9e
B2\R02_P04\round_0\feature_tree.json,16920,3d056f97850eef9465289641f43010857a2e8e2592e3abac12456ebbcdc47a83
B2\R02_P04\round_0\freecad_job.json,238,b6faa40fa05c78f82eaadf22a19eee72b97a1110c66ed602e46864d4029a624a
B2\R02_P04\round_0\freecad_stderr.txt,59,084e87e873b55857151f36d2447b00a35e8947c6582f4d8a8b7c039fdbce2dc1
B2\R02_P04\round_0\freecad_stdout.txt,0,e3b0c44298fc1c149afbf4c8996fb92427ae41e4649b934ca495991b7852b855
B2\R02_P04\round_0\model.FCStd,233917,384969e13e853038d7d818cf4e415b25ae5f18bc7508c6d79c65469109a1a8d2
B2\R02_P04\round_0\model.step,87091,159c83d21b5c79c47043c023c6c48bf0354129607c8f234bc9a8ede0c0e20ace
B2\R02_P04\round_0\model.stl,134384,7c64784cd1ddc3cb5c6dc0882a1c1e77fde682a148ff215820bc7556d4c66072
B2\R02_P04\round_0\part_state.json,202,b33a7570287b398086adb38266f75d30356de83b4c67e013d013c94f2e2d1bf7
B2\R02_P04\round_0\renders\front.png,7551,4cb3e07a33a384c93038fe73ace51b35553631f7200c9ab80dcf34c94f43cbf0
B2\R02_P04\round_0\renders\isometric.png,24639,b6a49c4c1ae7e730e43aad1740bf5c0bdea7a47266c1decc47cf5c010c81d508
B2\R02_P04\round_0\renders\side.png,7108,373ec46d2e0c55e29c32418124b08074d67793ee4c29879b87bdf17ff57b1317
B2\R02_P04\round_0\renders\top.png,8848,215c198b8d468b85d335f50575a3a2fb7265eae656463489471a7846ceaa3790
B2\R02_P06\round_0\agent_output.json,66285,84a957e985bb81d15ba1a6aa0cf77a2bddfa408bef2f8add3fea24eac770da5c
B2\R02_P06\round_0\cad_ir.json,20704,ef97f83848db0b6960a0c895ee080d01789173950a9b8c75e30ef1d01ad29c90
B2\R02_P06\round_0\cad_validity.json,863,6e1834575a6f4a87899ba68c954690ff4b31a02236c621d95439487c1dede116
B2\R02_P06\round_0\execution_log.json,25041,47335862a53b288895addc34c3fac6a0d3c173e645f0e6b5e681709a650086fb
B2\R02_P06\round_0\execution_result.json,905,ac8388aa69a104cac0a3c1432592dba05ab52f1c40a6fe4746c6ea8820d9a7b4
B2\R02_P06\round_0\feature_graph.json,8703,b38089df489304f8e610e1ffcac99f854ec0597ceb4f21d9278fd3a264f5af75
B2\R02_P06\round_0\feature_tree.json,15744,90c0792587e7f8b87c57e09cef5650d640e3c282350738525055c597ee7ed675
B2\R02_P06\round_0\freecad_job.json,238,f45e459d614b6464f43263f0c669053df2159f409d77e0882b31f133eb906bdf
B2\R02_P06\round_0\freecad_stderr.txt,59,084e87e873b55857151f36d2447b00a35e8947c6582f4d8a8b7c039fdbce2dc1
B2\R02_P06\round_0\freecad_stdout.txt,0,e3b0c44298fc1c149afbf4c8996fb92427ae41e4649b934ca495991b7852b855
B2\R02_P06\round_0\model.FCStd,36596,660a3d55bef64a6a86cecb1f0dd8062e931735a89521bb352cce02a13979d304
B2\R02_P06\round_0\model.step,107430,6204b488e06f36240ce820a2d35cf5b34321d842b4833cb01da4f0da37aa1fad
B2\R02_P06\round_0\model.stl,33684,6cbec556465f1f7333cdec0ae10226cb0e7631aab8fc0e0b854faf180f11001c
B2\R02_P06\round_0\part_state.json,202,a2e2f09a2722cc75994a3e37a282fa055e2ccd48d4c3c0523c837cc8c3538417
B2\R02_P06\round_0\renders\front.png,6853,a85589e3f047695d1afe72c754efc9a49cce3d5624b159f59f4b0c0d01f268e5
B2\R02_P06\round_0\renders\isometric.png,21623,38d3fe5143055eb5f88608a5f3337f24f48a04ab7d93ceabc5bab012a440dbf4
B2\R02_P06\round_0\renders\side.png,7265,24bf592daa820a9d236b1eced7b3e1e2f64188bd783d7094d81d0bb4de922052
B2\R02_P06\round_0\renders\top.png,10450,d2e04bc1905a075364070d1f274b51d983004647b81543d8661100adb0349d99
